Name,MBID,URL,Image,Small Image
DIR EN GREY,ab309b83-904f-4e2c-8d11-a0223bba51f9,https://www.last.fm/music/DIR+EN+GREY,https://lastfm.freetls.fastly.net/i/u/300x300/2a96cbd8b46e442fc41c2b86b821562f.png,https://lastfm.freetls.fastly.net/i/u/34s/2a96cbd8b46e442fc41c2b86b821562f.png
Greyson Chance,5dd013b1-31fb-4ef1-b0b5-e697b4b546ba,https://www.last.fm/music/Greyson+Chance,https://lastfm.freetls.fastly.net/i/u/300x300/2a96cbd8b46e442fc41c2b86b821562f.png,https://lastfm.freetls.fastly.net/i/u/34s/2a96cbd8b46e442fc41c2b86b821562f.png
Skylar Grey,bd01c9d7-89dd-4cb4-9baa-a43bfa292bed,https://www.last.fm/music/Skylar+Grey,https://lastfm.freetls.fastly.net/i/u/300x300/2a96cbd8b46e442fc41c2b86b821562f.png,https://lastfm.freetls.fastly.net/i/u/34s/2a96cbd8b46e442fc41c2b86b821562f.png
Grey Daze,cba83330-32d6-4804-8058-fcf2794afb79,https://www.last.fm/music/Grey+Daze,https://lastfm.freetls.fastly.net/i/u/300x300/2a96cbd8b46e442fc41c2b86b821562f.png,https://lastfm.freetls.fastly.net/i/u/34s/2a96cbd8b46e442fc41c2b86b821562f.png
chris grey,,https://www.last.fm/music/chris+grey,https://lastfm.freetls.fastly.net/i/u/300x300/2a96cbd8b46e442fc41c2b86b821562f.png,https://lastfm.freetls.fastly.net/i/u/34s/2a96cbd8b46e442fc41c2b86b821562f.png
Grey Henson,,https://www.last.fm/music/Grey+Henson,https://lastfm.freetls.fastly.net/i/u/300x300/2a96cbd8b46e442fc41c2b86b821562f.png,https://lastfm.freetls.fastly.net/i/u/34s/2a96cbd8b46e442fc41c2b86b821562f.png
Greyhaven,ce9dd622-a0f1-4378-b0d9-6e888faa209e,https://www.last.fm/music/Greyhaven,https://lastfm.freetls.fastly.net/i/u/300x300/2a96cbd8b46e442fc41c2b86b821562f.png,https://lastfm.freetls.fastly.net/i/u/34s/2a96cbd8b46e442fc41c2b86b821562f.png
Autumn's Grey Solace,2f0c6064-1503-4a69-a580-9da411985772,https://www.last.fm/music/Autumn%27s+Grey+Solace,https://lastfm.freetls.fastly.net/i/u/300x300/2a96cbd8b46e442fc41c2b86b821562f.png,https://lastfm.freetls.fastly.net/i/u/34s/2a96cbd8b46e442fc41c2b86b821562f.png
Grey,fe06992b-0d0f-47b3-adab-7d21f1ce457b,https://www.last.fm/music/Grey,https://lastfm.freetls.fastly.net/i/u/300x300/2a96cbd8b46e442fc41c2b86b821562f.png,https://lastfm.freetls.fastly.net/i/u/34s/2a96cbd8b46e442fc41c2b86b821562f.png
Manila Grey,,https://www.last.fm/music/Manila+Grey,https://lastfm.freetls.fastly.net/i/u/300x300/2a96cbd8b46e442fc41c2b86b821562f.png,https://lastfm.freetls.fastly.net/i/u/34s/2a96cbd8b46e442fc41c2b86b821562f.png
FOREVER GREY,,https://www.last.fm/music/FOREVER+GREY,https://lastfm.freetls.fastly.net/i/u/300x300/2a96cbd8b46e442fc41c2b86b821562f.png,https://lastfm.freetls.fastly.net/i/u/34s/2a96cbd8b46e442fc41c2b86b821562f.png
JJ Grey & Mofro,b11d2b63-c6da-4f52-9f62-9a166e2290f3,https://www.last.fm/music/JJ+Grey+&+Mofro,https://lastfm.freetls.fastly.net/i/u/300x300/2a96cbd8b46e442fc41c2b86b821562f.png,https://lastfm.freetls.fastly.net/i/u/34s/2a96cbd8b46e442fc41c2b86b821562f.png
Saliva Grey,,https://www.last.fm/music/Saliva+Grey,https://lastfm.freetls.fastly.net/i/u/300x300/2a96cbd8b46e442fc41c2b86b821562f.png,https://lastfm.freetls.fastly.net/i/u/34s/2a96cbd8b46e442fc41c2b86b821562f.png
Grey D,,https://www.last.fm/music/Grey+D,https://lastfm.freetls.fastly.net/i/u/300x300/2a96cbd8b46e442fc41c2b86b821562f.png,https://lastfm.freetls.fastly.net/i/u/34s/2a96cbd8b46e442fc41c2b86b821562f.png
Greyboy,a580aa0d-b1bb-4e5a-9591-de832ed3ac1b,https://www.last.fm/music/Greyboy,https://lastfm.freetls.fastly.net/i/u/300x300/2a96cbd8b46e442fc41c2b86b821562f.png,https://lastfm.freetls.fastly.net/i/u/34s/2a96cbd8b46e442fc41c2b86b821562f.png
Capella Grey,,https://www.last.fm/music/Capella+Grey,https://lastfm.freetls.fastly.net/i/u/300x300/2a96cbd8b46e442fc41c2b86b821562f.png,https://lastfm.freetls.fastly.net/i/u/34s/2a96cbd8b46e442fc41c2b86b821562f.png
Solomon Grey,1ff6203b-836b-456f-b57e-7ea179b12861,https://www.last.fm/music/Solomon+Grey,https://lastfm.freetls.fastly.net/i/u/300x300/2a96cbd8b46e442fc41c2b86b821562f.png,https://lastfm.freetls.fastly.net/i/u/34s/2a96cbd8b46e442fc41c2b86b821562f.png
Grey Killer,,https://www.last.fm/music/Grey+Killer,https://lastfm.freetls.fastly.net/i/u/300x300/2a96cbd8b46e442fc41c2b86b821562f.png,https://lastfm.freetls.fastly.net/i/u/34s/2a96cbd8b46e442fc41c2b86b821562f.png
Greydon Park Band,,https://www.last.fm/music/Greydon+Park+Band,https://lastfm.freetls.fastly.net/i/u/300x300/2a96cbd8b46e442fc41c2b86b821562f.png,https://lastfm.freetls.fastly.net/i/u/34s/2a96cbd8b46e442fc41c2b86b821562f.png
Arcadia Grey,,https://www.last.fm/music/Arcadia+Grey,https://lastfm.freetls.fastly.net/i/u/300x300/2a96cbd8b46e442fc41c2b86b821562f.png,https://lastfm.freetls.fastly.net/i/u/34s/2a96cbd8b46e442fc41c2b86b821562f.png
The Greyboy Allstars,448913ad-9a62-4278-abbe-07b35cae6c73,https://www.last.fm/music/The+Greyboy+Allstars,https://lastfm.freetls.fastly.net/i/u/300x300/2a96cbd8b46e442fc41c2b86b821562f.png,https://lastfm.freetls.fastly.net/i/u/34s/2a96cbd8b46e442fc41c2b86b821562f.png
Joel Grey,31e0deaf-7899-4ccf-956a-baaeb6f8513d,https://www.last.fm/music/Joel+Grey,https://lastfm.freetls.fastly.net/i/u/300x300/2a96cbd8b46e442fc41c2b86b821562f.png,https://lastfm.freetls.fastly.net/i/u/34s/2a96cbd8b46e442fc41c2b86b821562f.png
Cameron Grey,,https://www.last.fm/music/Cameron+Grey,https://lastfm.freetls.fastly.net/i/u/300x300/2a96cbd8b46e442fc41c2b86b821562f.png,https://lastfm.freetls.fastly.net/i/u/34s/2a96cbd8b46e442fc41c2b86b821562f.png
Greydon Square,34b6fc4a-ef66-4591-b213-6523645de017,https://www.last.fm/music/Greydon+Square,https://lastfm.freetls.fastly.net/i/u/300x300/2a96cbd8b46e442fc41c2b86b821562f.png,https://lastfm.freetls.fastly.net/i/u/34s/2a96cbd8b46e442fc41c2b86b821562f.png
Grey Reverend,88ed5fcb-9656-4d1e-a0d5-ddb07c66d058,https://www.last.fm/music/Grey+Reverend,https://lastfm.freetls.fastly.net/i/u/300x300/2a96cbd8b46e442fc41c2b86b821562f.png,https://lastfm.freetls.fastly.net/i/u/34s/2a96cbd8b46e442fc41c2b86b821562f.png
Greyl,,https://www.last.fm/music/Greyl,https://lastfm.freetls.fastly.net/i/u/300x300/2a96cbd8b46e442fc41c2b86b821562f.png,https://lastfm.freetls.fastly.net/i/u/34s/2a96cbd8b46e442fc41c2b86b821562f.png
Greywind,,https://www.last.fm/music/Greywind,https://lastfm.freetls.fastly.net/i/u/300x300/2a96cbd8b46e442fc41c2b86b821562f.png,https://lastfm.freetls.fastly.net/i/u/34s/2a96cbd8b46e442fc41c2b86b821562f.png
Grey's Anatomy Cast,61ed999c-bad8-4780-931b-ad94ef04c56e,https://www.last.fm/music/Grey%27s+Anatomy+Cast,https://lastfm.freetls.fastly.net/i/u/300x300/2a96cbd8b46e442fc41c2b86b821562f.png,https://lastfm.freetls.fastly.net/i/u/34s/2a96cbd8b46e442fc41c2b86b821562f.png
Greyhounds,db96aa6e-e72e-405d-aa10-2a8eac06d81e,https://www.last.fm/music/Greyhounds,https://lastfm.freetls.fastly.net/i/u/300x300/2a96cbd8b46e442fc41c2b86b821562f.png,https://lastfm.freetls.fastly.net/i/u/34s/2a96cbd8b46e442fc41c2b86b821562f.png
Green Grey,f35488a1-da57-4650-87cc-c3b1b607cc99,https://www.last.fm/music/Green+Grey,https://lastfm.freetls.fastly.net/i/u/300x300/2a96cbd8b46e442fc41c2b86b821562f.png,https://lastfm.freetls.fastly.net/i/u/34s/2a96cbd8b46e442fc41c2b86b821562f.png
